Comment,Designator,Footprint,LCSC
Unpolarized capacitor,C2 C3,C_0402_1005Metric,C1554
Unpolarized capacitor,C6 C7 C8 C9 C11,C_0402_1005Metric,C307331
Unpolarized capacitor,C1,C_0402_1005Metric,C52923
Unpolarized capacitor,C4 C5,C_0402_1005Metric,C12530
Unpolarized capacitor,C10,C_0402_1005Metric,C23733
Light emitting diode,D1 D2,LED_0603_1608Metric,C72041 C72043
USB 2.0-only Type-C Plug connector,P1,TYPE-C-31-M-04,C129018
Resistor,R2 R5,R_0402_1005Metric,C25172
Resistor,R1 R3 R4,R_0402_1005Metric,C25744
"Push button switch, generic, two pins",SW2,TS-1088-AR02016,C720477
"Push button switch, generic, two pins",SW1,TS-1088-AR02016,C720477
"600mA low dropout linear regulator, with enable pin, 3.8V-6V input voltage range, 3.3V fixed positive output, SOT-23-5",U2,SOT-23-5,C51118
,U1,Feather_Main,
"ARM Cortex-M4 MCU, 1024KB flash, 128KB RAM, 168MHz, 1.8-3.6V, 51 GPIO, LQFP-64",U3,LQFP-64_10x10mm_P0.5mm,C15742
Two pin crystal,Y1,Crystal_SMD_3225-4Pin_3.2x2.5mm,C9002
