Comment,Designator,Footprint,LCSC
Unpolarized capacitor,C1 C2,C_0805_2012Metric,C28233
Unpolarized capacitor,C3,C_0805_2012Metric,C28323
Light emitting diode,D1,LED_0805_2012Metric,C434432
Light emitting diode,D2,LED_0805_2012Metric,C138555
USB 2.0-only Type-C Plug connector,P1,TYPE-C-31-M-04,C129018
Resistor,R3 R8,R_0805_2012Metric,C17630
Resistor,R1 R2 R4 R5 R6 R7,R_0805_2012Metric,C17414
"Push button switch, generic, two pins",SW2,TS-1088-AR02016,C720477
"Push button switch, generic, two pins",SW1,TS-1088-AR02016,C720477
"600mA low dropout linear regulator, with enable pin, 3.8V-6V input voltage range, 3.3V fixed positive output, SOT-23-5",U1,SOT-23-5,C51118
"ESP32-C3-MINI-1 is a general-purpose Wi-Fi and Bluetooth LE module. This module features a rich set of peripherals and a small size, which makes it an ideal choice for smart home, industrial automation, health care, consumer electronics, etc",U3,ESP32-C3-MINI-1,C2838502
,U2,Feather_Main,
